Actual,Predicted
Burnout,Anxiety
Burnout,Anxiety
Depression,Anxiety
Anxiety,Anxiety
Anxiety,Anxiety
Burnout,Anxiety
Anxiety,Anxiety
Anxiety,Anxiety
Depression,Anxiety
Anxiety,Anxiety
Anxiety,Anxiety
Burnout,Anxiety
Anxiety,Anxiety
Anxiety,Anxiety
Burnout,Anxiety
Depression,Anxiety
Depression,Anxiety
Anxiety,Anxiety
Depression,Anxiety
Burnout,Anxiety
Anxiety,Anxiety
Anxiety,Anxiety
Burnout,Anxiety
Burnout,Anxiety
Burnout,Anxiety
Depression,Anxiety
Burnout,Anxiety
Anxiety,Anxiety
Depression,Anxiety
Depression,Anxiety
Burnout,Anxiety
Burnout,Anxiety
Burnout,Anxiety
Depression,Anxiety
Burnout,Anxiety
Anxiety,Anxiety
Anxiety,Anxiety
Burnout,Anxiety
Depression,Anxiety
Burnout,Anxiety
Anxiety,Anxiety
Anxiety,Anxiety
Depression,Anxiety
Anxiety,Anxiety
Anxiety,Anxiety
Burnout,Anxiety
Depression,Anxiety
Anxiety,Anxiety
Depression,Anxiety
Burnout,Anxiety
Depression,Anxiety
Anxiety,Anxiety
Burnout,Anxiety
Burnout,Anxiety
Burnout,Anxiety
Burnout,Anxiety
Burnout,Anxiety
Burnout,Anxiety
Anxiety,Anxiety
Anxiety,Anxiety
Burnout,Anxiety
Burnout,Anxiety
Burnout,Anxiety
Burnout,Anxiety
Burnout,Anxiety
Depression,Anxiety
Anxiety,Anxiety
Burnout,Anxiety
Anxiety,Anxiety
Anxiety,Anxiety
Depression,Anxiety
Depression,Anxiety
Burnout,Anxiety
Anxiety,Anxiety
Anxiety,Anxiety
Depression,Anxiety
Anxiety,Anxiety
Burnout,Anxiety
Anxiety,Anxiety
Anxiety,Anxiety
Depression,Anxiety
Burnout,Anxiety
Burnout,Anxiety
Depression,Anxiety
Anxiety,Anxiety
Depression,Anxiety
Depression,Anxiety
Burnout,Anxiety
Depression,Anxiety
Depression,Anxiety
Anxiety,Anxiety
Depression,Anxiety
Burnout,Anxiety
Anxiety,Anxiety
Burnout,Anxiety
Depression,Anxiety
Depression,Anxiety
Anxiety,Anxiety
Depression,Anxiety
Anxiety,Anxiety
Depression,Anxiety
Anxiety,Anxiety
Anxiety,Anxiety
Depression,Anxiety
Burnout,Anxiety
Anxiety,Anxiety
Anxiety,Anxiety
Anxiety,Anxiety
Anxiety,Anxiety
Depression,Anxiety
Depression,Anxiety
Anxiety,Anxiety
Anxiety,Anxiety
Depression,Anxiety
Depression,Anxiety
Burnout,Anxiety
Depression,Anxiety
Depression,Anxiety
Anxiety,Anxiety
Depression,Anxiety
Anxiety,Anxiety
Anxiety,Anxiety
Anxiety,Anxiety
Depression,Anxiety
Depression,Anxiety
Depression,Anxiety
Burnout,Anxiety
Anxiety,Anxiety
Depression,Anxiety
Anxiety,Anxiety
Depression,Anxiety
Anxiety,Anxiety
Depression,Anxiety
Anxiety,Anxiety
Burnout,Anxiety
Depression,Anxiety
Burnout,Anxiety
Burnout,Anxiety
Burnout,Anxiety
Depression,Anxiety
Burnout,Anxiety
Burnout,Anxiety
Depression,Anxiety
Burnout,Anxiety
Burnout,Anxiety
Burnout,Anxiety
Anxiety,Anxiety
Depression,Anxiety
Burnout,Anxiety
Depression,Anxiety
Depression,Anxiety
Depression,Anxiety
Burnout,Anxiety
Burnout,Anxiety
Depression,Anxiety
Anxiety,Anxiety
Anxiety,Anxiety
Burnout,Anxiety
Burnout,Anxiety
Burnout,Anxiety
Depression,Anxiety
Burnout,Anxiety
Anxiety,Anxiety
Depression,Anxiety
Anxiety,Anxiety
Anxiety,Anxiety
Depression,Anxiety
Depression,Anxiety
Depression,Anxiety
Anxiety,Anxiety
Anxiety,Anxiety
Burnout,Anxiety
Depression,Anxiety
Burnout,Anxiety
Burnout,Anxiety
Anxiety,Anxiety
Burnout,Anxiety
Anxiety,Anxiety
Depression,Anxiety
Depression,Anxiety
Burnout,Anxiety
Burnout,Anxiety
Burnout,Anxiety
Burnout,Anxiety
Depression,Anxiety
Depression,Anxiety
Depression,Anxiety
Depression,Anxiety
Anxiety,Anxiety
Depression,Anxiety
Burnout,Anxiety
Depression,Anxiety
Anxiety,Anxiety
Anxiety,Anxiety
Anxiety,Anxiety
Anxiety,Anxiety
Burnout,Anxiety
Anxiety,Anxiety
Depression,Anxiety
Anxiety,Anxiety
Burnout,Anxiety
Burnout,Anxiety
Burnout,Anxiety
Burnout,Anxiety
Depression,Anxiety
Anxiety,Anxiety
Anxiety,Anxiety
Depression,Anxiety
Anxiety,Anxiety
Anxiety,Anxiety
Burnout,Anxiety
Anxiety,Anxiety
Burnout,Anxiety
Burnout,Anxiety
Anxiety,Anxiety
Depression,Anxiety
Anxiety,Anxiety
Anxiety,Anxiety
Anxiety,Anxiety
Anxiety,Anxiety
Depression,Anxiety
Burnout,Anxiety
Depression,Anxiety
Anxiety,Anxiety
Anxiety,Anxiety
Anxiety,Anxiety
Burnout,Anxiety
Anxiety,Anxiety
Anxiety,Anxiety
Burnout,Anxiety
Depression,Anxiety
Burnout,Anxiety
Depression,Anxiety
Anxiety,Anxiety
Burnout,Anxiety
Burnout,Anxiety
Burnout,Anxiety
Anxiety,Anxiety
Anxiety,Anxiety
Depression,Anxiety
Depression,Anxiety
Depression,Anxiety
Burnout,Anxiety
Burnout,Anxiety
Anxiety,Anxiety
Burnout,Anxiety
Burnout,Anxiety
Anxiety,Anxiety
Burnout,Anxiety
Anxiety,Anxiety
Depression,Anxiety
Burnout,Anxiety
Anxiety,Anxiety
Anxiety,Anxiety
Burnout,Anxiety
Depression,Anxiety
Depression,Anxiety
Anxiety,Anxiety
Depression,Anxiety
Anxiety,Anxiety
Depression,Anxiety
Anxiety,Anxiety
Burnout,Anxiety
Depression,Anxiety
Burnout,Anxiety
Depression,Anxiety
Depression,Anxiety
Burnout,Anxiety
Anxiety,Anxiety
Anxiety,Anxiety
Anxiety,Anxiety
Burnout,Anxiety
Anxiety,Anxiety
Burnout,Anxiety
Depression,Anxiety
Depression,Anxiety
Burnout,Anxiety
Anxiety,Anxiety
Anxiety,Anxiety
Anxiety,Anxiety
Anxiety,Anxiety
Depression,Anxiety
Burnout,Anxiety
Burnout,Anxiety
Depression,Anxiety
Burnout,Anxiety
Depression,Anxiety
Burnout,Anxiety
Anxiety,Anxiety
Burnout,Anxiety
Depression,Anxiety
Anxiety,Anxiety
Burnout,Anxiety
Burnout,Anxiety
Burnout,Anxiety
Burnout,Anxiety
Burnout,Anxiety
Anxiety,Anxiety
Anxiety,Anxiety
Depression,Anxiety
Anxiety,Anxiety
Burnout,Anxiety
Burnout,Anxiety
Depression,Anxiety
Depression,Anxiety
Anxiety,Anxiety
Anxiety,Anxiety
Depression,Anxiety
Anxiety,Anxiety
Anxiety,Anxiety
Anxiety,Anxiety
Burnout,Anxiety
Burnout,Anxiety
Depression,Anxiety
Anxiety,Anxiety
Anxiety,Anxiety
Anxiety,Anxiety
Depression,Anxiety
Depression,Anxiety
Anxiety,Anxiety
Burnout,Anxiety
Burnout,Anxiety
Depression,Anxiety
Burnout,Anxiety
Burnout,Anxiety
Anxiety,Anxiety
Anxiety,Anxiety
Anxiety,Anxiety
Burnout,Anxiety
Depression,Anxiety
Anxiety,Anxiety
Depression,Anxiety
Depression,Anxiety
Anxiety,Anxiety
Anxiety,Anxiety
Burnout,Anxiety
Depression,Anxiety
Depression,Anxiety
Anxiety,Anxiety
Depression,Anxiety
Anxiety,Anxiety
Anxiety,Anxiety
Anxiety,Anxiety
Burnout,Anxiety
Burnout,Anxiety
Burnout,Anxiety
Depression,Anxiety
Depression,Anxiety
Burnout,Anxiety
Burnout,Anxiety
Burnout,Anxiety
Anxiety,Anxiety
Burnout,Anxiety
Depression,Anxiety
Depression,Anxiety
Burnout,Anxiety
Anxiety,Anxiety
Depression,Anxiety
Anxiety,Anxiety
Burnout,Anxiety
Anxiety,Anxiety
Burnout,Anxiety
Depression,Anxiety
Anxiety,Anxiety
Anxiety,Anxiety
Burnout,Anxiety
Burnout,Anxiety
Burnout,Anxiety
Anxiety,Anxiety
Depression,Anxiety
Anxiety,Anxiety
Anxiety,Anxiety
Burnout,Anxiety
Anxiety,Anxiety
Burnout,Anxiety
Anxiety,Anxiety
Anxiety,Anxiety
Burnout,Anxiety
Burnout,Anxiety
Depression,Anxiety
Depression,Anxiety
Depression,Anxiety
Depression,Anxiety
Anxiety,Anxiety
Burnout,Anxiety
Burnout,Anxiety
Anxiety,Anxiety
Depression,Anxiety
Anxiety,Anxiety
Depression,Anxiety
Depression,Anxiety
Anxiety,Anxiety
Anxiety,Anxiety
Depression,Anxiety
Anxiety,Anxiety
Depression,Anxiety
Anxiety,Anxiety
Anxiety,Anxiety
Burnout,Anxiety
Anxiety,Anxiety
Anxiety,Anxiety
Burnout,Anxiety
Burnout,Anxiety
Burnout,Anxiety
Anxiety,Anxiety
Depression,Anxiety
Burnout,Anxiety
Depression,Anxiety
Depression,Anxiety
Burnout,Anxiety
Depression,Anxiety
Anxiety,Anxiety
Depression,Anxiety
Depression,Anxiety
Anxiety,Anxiety
Depression,Anxiety
Burnout,Anxiety
Depression,Anxiety
Depression,Anxiety
Depression,Anxiety
Burnout,Anxiety
Depression,Anxiety
Depression,Anxiety
Burnout,Anxiety
Depression,Anxiety
Anxiety,Anxiety
Burnout,Anxiety
Depression,Anxiety
Burnout,Anxiety
Depression,Anxiety
Depression,Anxiety
Anxiety,Anxiety
Burnout,Anxiety
Burnout,Anxiety
Anxiety,Anxiety
Burnout,Anxiety
Anxiety,Anxiety
Depression,Anxiety
Anxiety,Anxiety
Burnout,Anxiety
Depression,Anxiety
Burnout,Anxiety
Burnout,Anxiety
Burnout,Anxiety
Burnout,Anxiety
Depression,Anxiety
Burnout,Anxiety
Anxiety,Anxiety
Anxiety,Anxiety
Depression,Anxiety
Burnout,Anxiety
Burnout,Anxiety
Burnout,Anxiety
Depression,Anxiety
Anxiety,Anxiety
Burnout,Anxiety
Depression,Anxiety
Anxiety,Anxiety
Anxiety,Anxiety
Burnout,Anxiety
Anxiety,Anxiety
Burnout,Anxiety
Anxiety,Anxiety
Anxiety,Anxiety
Anxiety,Anxiety
Anxiety,Anxiety
Depression,Anxiety
Depression,Anxiety
Anxiety,Anxiety
Anxiety,Anxiety
Anxiety,Anxiety
Anxiety,Anxiety
Burnout,Anxiety
Depression,Anxiety
Anxiety,Anxiety
Anxiety,Anxiety
Burnout,Anxiety
Depression,Anxiety
Depression,Anxiety
Burnout,Anxiety
Depression,Anxiety
Burnout,Anxiety
Depression,Anxiety
Burnout,Anxiety
Depression,Anxiety
Depression,Anxiety
Burnout,Anxiety
Depression,Anxiety
Depression,Anxiety
Depression,Anxiety
Anxiety,Anxiety
Burnout,Anxiety
Depression,Anxiety
Depression,Anxiety
Depression,Anxiety
Burnout,Anxiety
Anxiety,Anxiety
Depression,Anxiety
Depression,Anxiety
Anxiety,Anxiety
Depression,Anxiety
Anxiety,Anxiety
Depression,Anxiety
Anxiety,Anxiety
Anxiety,Anxiety
Burnout,Anxiety
Depression,Anxiety
Anxiety,Anxiety
Burnout,Anxiety
Burnout,Anxiety
Depression,Anxiety
Burnout,Anxiety
Anxiety,Anxiety
Depression,Anxiety
Depression,Anxiety
Burnout,Anxiety
